,woman,district,use.contraception,living.children,age.centered,urban
0,1,1,0,4,18.44,1
1,2,1,0,1,-5.5599,1
2,3,1,0,3,1.44,1
3,4,1,0,4,8.44,1
4,5,1,0,1,-13.559,1
5,6,1,0,1,-11.56,1
6,7,1,0,4,18.44,1
7,8,1,0,4,-3.5599,1
8,9,1,0,2,-5.5599,1
9,10,1,0,4,1.44,1
10,11,1,1,1,-11.56,1
11,12,1,0,1,-2.5599,1
12,13,1,0,2,-4.5599,1
13,14,1,0,4,5.44,1
14,15,1,0,4,-0.5599,1
15,16,1,1,4,4.44,1
16,17,1,0,1,-5.5599,1
17,18,1,1,4,-0.5599,1
18,19,1,1,2,-6.5599,1
19,20,1,0,3,-3.56,1
20,21,1,0,1,-4.5599,1
21,22,1,0,1,-9.5599,1
22,23,1,0,4,2.44,1
23,24,1,1,3,2.44,1
24,25,1,1,2,-4.5599,1
25,26,1,0,4,14.44,1
26,27,1,1,1,-6.5599,1
27,28,1,1,2,-3.5599,1
28,29,1,1,2,-5.5599,1
29,30,1,1,2,-1.5599,1
30,31,1,0,3,-6.5599,1
31,32,1,1,3,-2.5599,1
32,33,1,0,3,-7.5599,1
33,34,1,0,1,9.44,1
34,35,1,0,4,8.44,1
35,36,1,0,4,14.44,1
36,37,1,1,4,8.44,1
37,38,1,0,4,6.44,1
38,39,1,0,3,-3.56,1
39,40,1,1,4,-5.5599,1
40,41,1,0,4,14.44,1
41,42,1,0,4,2.44,1
42,43,1,0,2,-10.559,1
43,44,1,0,4,5.44,1
44,45,1,1,2,-7.5599,1
45,46,1,1,3,-4.5599,1
46,47,1,1,4,-1.5599,1
47,48,1,0,2,-11.559,1
48,49,1,1,4,1.44,1
49,50,1,1,3,11.44,1
50,51,1,0,1,-12.559,1
51,52,1,1,3,-2.5599,1
52,53,1,0,1,-3.5599,1
53,54,1,1,1,-4.5599,1
54,55,1,1,3,-7.5599,1
55,56,1,1,2,8.44,1
56,57,1,1,3,-5.5599,1
57,58,1,0,4,7.44,1
58,59,1,0,2,-6.5599,1
59,60,1,0,1,-11.56,1
60,61,1,0,4,15.44,1
61,62,1,0,3,-4.5599,1
62,63,1,0,3,-3.56,1
63,64,1,0,4,11.44,0
64,65,1,0,4,-4.5599,0
65,66,1,0,4,10.44,0
66,67,1,0,4,4.44,0
67,68,1,0,4,-3.5599,0
68,69,1,0,1,-12.559,0
69,70,1,0,3,-7.5599,0
70,71,1,0,1,-13.559,0
71,72,1,0,4,3.44,0
72,73,1,0,3,19.44,0
73,74,1,0,3,-7.5599,0
74,75,1,0,3,1.44,0
75,76,1,0,1,-4.5599,0
76,77,1,0,1,-7.5599,0
77,78,1,0,4,-1.5599,0
78,79,1,0,4,2.44,0
79,80,1,0,4,8.44,0
80,81,1,0,4,8.44,0
81,82,1,0,1,-9.5599,0
82,83,1,1,4,8.44,0
83,84,1,0,4,7.44,0
84,85,1,0,4,5.44,0
85,86,1,1,4,2.44,0
86,87,1,0,1,-4.5599,0
87,88,1,0,4,0.44,0
88,89,1,0,4,11.44,0
89,90,1,1,4,-3.5599,0
90,91,1,0,1,5.44,0
91,92,1,0,4,-1.5599,0
92,93,1,0,3,-7.5599,0
93,94,1,1,4,5.44,0
94,95,1,0,2,6.44,0
95,96,1,1,4,0.44,0
96,97,1,1,4,10.44,0
97,98,1,1,4,7.44,0
98,99,1,0,2,-11.559,0
99,100,1,0,3,10.44,0
100,101,1,0,4,2.44,0
101,102,1,0,3,-3.5599,0
102,103,1,0,4,0.44,0
103,104,1,0,4,16.44,0
104,105,1,0,2,4.44,0
105,106,1,0,4,12.44,0
106,107,1,0,4,8.44,0
107,108,1,0,4,18.44,0
108,109,1,0,1,-13.559,0
109,110,1,0,2,-11.559,0
110,111,1,0,1,-2.56,0
111,112,1,0,1,-5.5599,0
112,113,1,0,3,3.44,0
113,114,1,0,1,-1.5599,0
114,115,1,0,4,3.44,0
115,116,1,0,4,-1.5599,0
116,117,1,0,3,11.44,0
117,118,2,0,4,-1.5599,0
118,119,2,0,3,-5.5599,0
119,120,2,0,1,-13.559,0
120,121,2,1,3,-5.5599,0
121,122,2,0,4,19.44,0
122,123,2,1,4,1.44,0
123,124,2,1,2,-2.56,0
124,125,2,1,3,6.44,0
125,126,2,0,3,-5.5599,0
126,127,2,1,4,7.44,0
127,128,2,0,4,1.44,0
128,129,2,0,3,0.44,0
129,130,2,0,1,-11.559,0
130,131,2,0,4,10.44,0
131,132,2,0,1,-7.56,0
132,133,2,1,3,-2.5599,0
133,134,2,0,1,-13.559,0
134,135,2,1,3,-2.5599,0
135,136,2,0,3,1.44,0
136,137,2,0,2,-11.559,0
137,138,3,1,4,-3.5599,1
138,139,3,1,1,-8.5599,1
139,140,4,1,2,-6.5599,1
140,141,4,1,4,2.44,1
141,142,4,1,3,-1.5599,1
142,143,4,0,1,-3.5599,1
143,144,4,1,4,4.44,1
144,145,4,1,3,7.44,1
145,146,4,1,4,7.44,1
146,147,4,1,4,-0.5599,1
147,148,4,1,2,-10.559,1
148,149,4,1,2,-3.5599,1
149,150,4,1,4,2.44,1
150,151,4,0,3,-2.5599,0
151,152,4,1,2,-4.5599,0
152,153,4,0,1,-4.5599,0
153,154,4,0,4,14.44,0
154,155,4,0,4,16.44,0
155,156,4,0,4,6.44,0
156,157,4,0,4,-1.5599,0
157,158,4,1,2,1.44,0
158,159,4,0,4,2.44,0
159,160,4,0,4,13.44,0
160,161,4,0,4,16.44,0
161,162,4,1,4,-0.5599,0
162,163,4,1,4,8.44,0
163,164,4,1,4,2.44,0
164,165,4,0,1,-10.559,0
165,166,4,0,3,-1.5599,0
166,167,4,0,2,-11.559,0
167,168,4,0,3,-9.5599,0
168,169,4,0,1,-7.5599,0
169,170,5,0,1,-13.56,1
170,171,5,1,4,2.44,1
171,172,5,0,2,-4.5599,0
172,173,5,0,4,3.44,0
173,174,5,0,1,-13.559,0
174,175,5,1,3,-4.5599,0
175,176,5,0,1,-11.559,0
176,177,5,1,1,-11.559,0
177,178,5,1,2,-6.5599,0
178,179,5,0,4,13.44,0
179,180,5,1,1,-11.559,0
180,181,5,0,1,-10.559,0
181,182,5,0,1,-10.559,0
182,183,5,0,4,16.44,0
183,184,5,0,1,-3.56,0
184,185,5,0,4,-2.5599,0
185,186,5,0,4,16.44,0
186,187,5,1,4,7.44,0
187,188,5,0,1,-10.559,0
188,189,5,0,4,0.44,0
189,190,5,1,4,6.44,0
190,191,5,0,4,2.44,0
191,192,5,0,1,-9.5599,0
192,193,5,1,3,-8.56,0
193,194,5,1,4,14.44,0
194,195,5,1,4,1.44,0
195,196,5,1,3,-4.5599,0
196,197,5,0,4,-4.5599,0
197,198,5,0,3,-7.5599,0
198,199,5,1,3,-5.5599,0
199,200,5,1,1,-8.5599,0
200,201,5,0,1,-12.56,0
201,202,5,0,4,-1.5599,0
202,203,5,0,4,-1.5599,0
203,204,5,0,4,18.44,0
204,205,5,0,3,17.44,0
205,206,5,1,4,-0.5599,0
206,207,5,0,4,11.44,0
207,208,5,0,4,13.44,0
208,209,6,1,1,-0.5599,1
209,210,6,1,2,-4.5599,1
210,211,6,1,4,-0.5599,1
211,212,6,0,3,11.44,1
212,213,6,1,1,-4.5599,1
213,214,6,0,4,7.44,1
214,215,6,1,4,4.44,1
215,216,6,0,3,-5.56,0
216,217,6,0,4,13.44,0
217,218,6,1,1,-12.56,0
218,219,6,0,4,12.44,0
219,220,6,0,4,-5.5599,0
220,221,6,0,4,8.44,0
221,222,6,0,1,-11.559,0
222,223,6,1,2,-0.5599,0
223,224,6,0,2,-7.56,0
224,225,6,0,2,6.44,0
225,226,6,1,4,4.44,0
226,227,6,1,3,-5.56,0
227,228,6,1,3,-0.5599,0
228,229,6,0,1,-6.56,0
229,230,6,0,3,0.44,0
230,231,6,0,4,13.44,0
231,232,6,0,4,11.44,0
232,233,6,0,1,1.44,0
233,234,6,1,2,-5.5599,0
234,235,6,0,1,-6.56,0
235,236,6,1,3,-4.56,0
236,237,6,0,3,-2.5599,0
237,238,6,1,4,13.44,0
238,239,6,0,1,-9.5599,0
239,240,6,0,1,-11.559,0
240,241,6,0,1,-8.5599,0
241,242,6,0,1,-9.5599,0
242,243,6,0,4,-2.5599,0
243,244,6,0,1,-10.559,0
244,245,6,0,4,18.44,0
245,246,6,1,2,-7.56,0
246,247,6,0,2,-4.5599,0
247,248,6,0,2,-9.5599,0
248,249,6,1,4,-0.56,0
249,250,6,0,1,-8.5599,0
250,251,6,0,2,8.44,0
251,252,6,0,2,-5.5599,0
252,253,6,0,3,5.44,0
253,254,6,0,1,-12.56,0
254,255,6,0,4,16.44,0
255,256,6,0,4,8.44,0
256,257,6,0,4,8.44,0
257,258,6,0,2,-4.5599,0
258,259,6,0,1,-6.56,0
259,260,6,0,3,-2.5599,0
260,261,6,0,4,18.44,0
261,262,6,0,3,18.44,0
262,263,6,0,4,-0.56,0
263,264,6,0,4,8.44,0
264,265,6,0,4,-8.5599,0
265,266,6,0,4,-5.5599,0
266,267,6,1,3,0.44,0
267,268,6,1,4,2.44,0
268,269,6,0,2,-7.56,0
269,270,6,1,4,-2.5599,0
270,271,6,0,4,15.44,0
271,272,6,1,4,10.44,0
272,273,6,0,1,-7.5599,0
273,274,7,0,4,1.44,0
274,275,7,0,2,-8.5599,0
275,276,7,0,2,-7.56,0
276,277,7,0,1,-13.56,0
277,278,7,0,4,-5.5599,0
278,279,7,0,1,-10.559,0
279,280,7,1,4,3.44,0
280,281,7,0,4,11.44,0
281,282,7,1,1,-7.5599,0
282,283,7,0,2,-6.56,0
283,284,7,0,4,-0.5599,0
284,285,7,0,2,2.44,0
285,286,7,1,4,3.44,0
286,287,7,0,4,6.44,0
287,288,7,1,2,-10.559,0
288,289,7,0,3,1.44,0
289,290,7,0,1,-10.559,0
290,291,7,1,1,-8.5599,0
291,292,8,1,1,-10.559,1
292,293,8,1,3,0.44,1
293,294,8,0,1,19.44,0
294,295,8,0,4,9.44,0
295,296,8,1,3,-4.5599,0
296,297,8,0,1,-12.56,0
297,298,8,0,2,-5.5599,0
298,299,8,0,4,11.44,0
299,300,8,1,2,-6.5599,0
300,301,8,0,1,-11.56,0
301,302,8,1,4,7.44,0
302,303,8,0,2,0.44,0
303,304,8,1,4,1.44,0
304,305,8,1,2,-7.5599,0
305,306,8,1,4,5.44,0
306,307,8,0,3,2.44,0
307,308,8,1,2,-7.5599,0
308,309,8,0,4,-1.5599,0
309,310,8,0,1,-9.5599,0
310,311,8,1,2,-6.5599,0
311,312,8,0,1,-7.5599,0
312,313,8,1,4,19.44,0
313,314,8,0,3,-8.5599,0
314,315,8,0,3,-6.5599,0
315,316,8,1,4,19.44,0
316,317,8,1,4,13.44,0
317,318,8,0,2,-9.5599,0
318,319,8,0,1,-6.5599,0
319,320,8,0,4,12.44,0
320,321,8,1,3,0.44,0
321,322,8,0,4,16.44,0
322,323,8,0,2,7.44,0
323,324,8,0,1,-13.56,0
324,325,8,0,2,-3.5599,0
325,326,8,0,1,-6.5599,0
326,327,8,0,1,-9.5599,0
327,328,8,0,4,-2.5599,0
328,329,9,1,4,7.44,1
329,330,9,1,3,-3.5599,1
330,331,9,0,4,16.44,1
331,332,9,0,3,1.44,0
332,333,9,1,4,-4.5599,0
333,334,9,0,4,-3.5599,0
334,335,9,1,2,-9.5599,0
335,336,9,0,4,-0.5599,0
336,337,9,1,3,2.44,0
337,338,9,0,1,-11.559,0
338,339,9,0,4,10.44,0
339,340,9,0,3,-5.5599,0
340,341,9,0,2,-6.56,0
341,342,9,1,4,10.44,0
342,343,9,0,3,-10.559,0
343,344,9,0,4,15.44,0
344,345,9,0,4,-5.5599,0
345,346,9,0,1,-12.56,0
346,347,9,0,1,-12.56,0
347,348,9,0,2,-8.5599,0
348,349,9,1,3,-4.5599,0
349,350,9,0,4,10.44,0
350,351,9,0,4,11.44,0
351,352,10,0,3,18.44,0
352,353,10,0,1,-11.559,0
353,354,10,0,2,-6.5599,0
354,355,10,0,4,3.44,0
355,356,10,0,4,6.44,0
356,357,10,0,1,13.44,0
357,358,10,0,4,15.44,0
358,359,10,1,2,3.44,0
359,360,10,0,4,15.44,0
360,361,10,0,3,19.44,0
361,362,10,0,1,12.44,0
362,363,10,0,1,-12.559,0
363,364,10,0,1,-9.5599,0
364,365,11,0,1,-9.5599,0
365,366,11,0,1,-8.5599,0
366,367,11,0,2,-5.5599,0
367,368,11,0,2,18.44,0
368,369,11,0,1,-8.5599,0
369,370,11,0,1,-9.5599,0
370,371,11,0,1,-12.559,0
371,372,11,0,1,3.44,0
372,373,11,0,1,-8.5599,0
373,374,11,0,4,19.44,0
374,375,11,0,1,-3.5599,0
375,376,11,0,2,-5.5599,0
376,377,11,0,2,2.44,0
377,378,11,0,2,0.44,0
378,379,11,0,1,-11.559,0
379,380,11,0,3,-2.5599,0
380,381,11,0,4,2.44,0
381,382,11,0,2,-8.5599,0
382,383,11,0,1,-8.5599,0
383,384,11,0,1,-6.56,0
384,385,11,0,4,18.44,0
385,386,12,1,4,9.44,1
386,387,12,0,4,18.44,1
387,388,12,0,3,-5.5599,1
388,389,12,1,1,4.44,1
389,390,12,0,4,-3.5599,1
390,391,12,0,4,17.44,1
391,392,12,1,4,9.44,0
392,393,12,0,2,-7.5599,0
393,394,12,0,4,19.44,0
394,395,12,0,4,6.44,0
395,396,12,0,1,-1.5599,0
396,397,12,0,4,3.44,0
397,398,12,1,1,-5.5599,0
398,399,12,0,4,5.44,0
399,400,12,1,1,-11.559,0
400,401,12,0,4,-1.5599,0
401,402,12,0,4,2.44,0
402,403,12,0,3,-5.5599,0
403,404,12,1,2,-1.5599,0
404,405,12,0,4,5.44,0
405,406,12,1,4,18.44,0
406,407,12,0,4,10.44,0
407,408,12,1,4,4.44,0
408,409,12,0,4,3.44,0
409,410,12,1,4,11.44,0
410,411,12,0,3,-2.5599,0
411,412,12,0,3,-1.5599,0
412,413,12,1,4,8.44,0
413,414,12,0,1,-4.5599,0
414,415,13,0,4,10.44,1
415,416,13,0,1,-11.559,1
416,417,13,1,4,6.44,1
417,418,13,1,1,-7.5599,1
418,419,13,0,2,-12.559,1
419,420,13,1,2,-3.5599,1
420,421,13,0,1,-8.5599,1
421,422,13,0,1,-5.5599,1
422,423,13,0,4,-2.5599,0
423,424,13,0,4,16.44,0
424,425,13,1,4,0.44,0
425,426,13,1,4,-1.5599,0
426,427,13,0,1,-2.5599,0
427,428,13,0,4,15.44,0
428,429,13,0,2,0.44,0
429,430,13,1,3,-7.5599,0
430,431,13,0,1,10.44,0
431,432,13,0,1,-7.5599,0
432,433,13,0,4,3.44,0
433,434,13,1,4,0.44,0
434,435,13,0,1,13.44,0
435,436,13,1,4,4.44,0
436,437,13,1,4,12.44,0
437,438,13,1,2,-3.5599,0
438,439,14,0,1,-9.5599,1
439,440,14,1,1,-10.559,1
440,441,14,0,2,-10.559,1
441,442,14,0,2,-11.559,1
442,443,14,1,1,-11.559,1
443,444,14,0,2,2.44,1
444,445,14,0,1,7.44,1
445,446,14,0,1,0.44,1
446,447,14,0,2,-3.5599,1
447,448,14,1,1,-7.5599,1
448,449,14,1,3,-2.5599,1
449,450,14,0,4,3.44,1
450,451,14,1,2,3.44,1
451,452,14,1,1,-11.559,1
452,453,14,1,2,-4.5599,1
453,454,14,0,1,-10.559,1
454,455,14,1,4,12.44,1
455,456,14,0,2,-7.5599,1
456,457,14,1,4,2.44,1
457,458,14,0,1,-10.559,1
458,459,14,0,1,-10.559,1
459,460,14,1,1,-8.5599,1
460,461,14,0,4,8.44,1
461,462,14,0,1,-12.559,1
462,463,14,0,3,-6.56,1
463,464,14,1,1,-8.5599,1
464,465,14,1,4,14.44,1
465,466,14,1,4,16.44,1
466,467,14,1,4,6.44,1
467,468,14,1,4,16.44,1
468,469,14,1,1,-11.559,1
469,470,14,1,4,3.44,1
470,471,14,1,2,-5.5599,1
471,472,14,1,1,-6.5599,1
472,473,14,1,3,-2.5599,1
473,474,14,1,3,-7.5599,1
474,475,14,1,4,-1.56,1
475,476,14,1,3,2.44,1
476,477,14,1,4,5.44,1
477,478,14,0,4,0.44,1
478,479,14,1,4,9.44,1
479,480,14,1,4,4.44,1
480,481,14,1,1,-13.559,1
481,482,14,1,1,-13.559,1
482,483,14,1,4,6.44,1
483,484,14,0,1,2.44,1
484,485,14,0,1,-8.5599,1
485,486,14,0,4,12.44,1
486,487,14,1,1,-9.5599,1
487,488,14,1,4,10.44,1
488,489,14,1,1,-11.559,1
489,490,14,0,4,2.44,1
490,491,14,0,1,-10.559,1
491,492,14,1,1,-8.5599,1
492,493,14,1,4,2.44,1
493,494,14,1,4,4.44,1
494,495,14,1,4,7.44,1
495,496,14,0,2,-10.559,1
496,497,14,0,1,-6.5599,1
497,498,14,1,3,3.44,1
498,499,14,1,1,-9.5599,1
499,500,14,0,2,6.44,1
500,501,14,1,3,-4.5599,1
501,502,14,1,2,-5.5599,1
502,503,14,0,2,-8.5599,1
503,504,14,1,3,0.44,1
504,505,14,1,4,17.44,1
505,506,14,1,3,-7.5599,1
506,507,14,0,4,14.44,1
507,508,14,0,2,-4.5599,1
508,509,14,1,3,3.44,1
509,510,14,1,2,-1.5599,1
510,511,14,1,2,-8.5599,1
511,512,14,1,4,0.44,1
512,513,14,1,2,-6.5599,1
513,514,14,1,4,13.44,1
514,515,14,1,1,0.44,1
515,516,14,1,4,7.44,1
516,517,14,1,3,0.44,1
517,518,14,0,1,-1.5599,1
518,519,14,1,1,-12.559,1
519,520,14,0,3,18.44,1
520,521,14,1,4,7.44,1
521,522,14,1,1,-8.5599,1
522,523,14,1,4,11.44,1
523,524,14,1,4,13.44,1
524,525,14,1,2,-7.5599,1
525,526,14,0,1,-10.559,1
526,527,14,1,2,-3.5599,1
527,528,14,1,2,-7.5599,1
528,529,14,1,3,-4.5599,1
529,530,14,1,1,-8.5599,1
530,531,14,0,3,-2.5599,1
531,532,14,1,1,-9.5599,1
532,533,14,1,1,0.44,1
533,534,14,0,1,-5.5599,1
534,535,14,1,1,-3.5599,1
535,536,14,1,2,-10.559,1
536,537,14,0,3,0.44,1
537,538,14,1,4,8.44,1
538,539,14,1,3,4.44,1
539,540,14,1,2,2.44,0
540,541,14,1,2,-5.5599,0
541,542,14,0,3,-6.5599,0
542,543,14,0,3,6.44,0
543,544,14,0,2,-7.5599,0
544,545,14,0,2,-1.5599,0
545,546,14,0,4,-3.5599,0
546,547,14,1,4,10.44,0
547,548,14,0,4,18.44,0
548,549,14,1,1,-12.559,0
549,550,14,0,4,17.44,0
550,551,14,1,4,-5.5599,0
551,552,14,0,1,-12.559,0
552,553,14,0,1,-10.56,0
553,554,14,0,4,0.44,0
554,555,14,0,2,-8.5599,0
555,556,14,1,4,17.44,0
556,557,15,1,4,14.44,1
557,558,15,0,1,-13.559,1
558,559,15,0,4,1.44,1
559,560,15,0,4,2.44,1
560,561,15,1,4,-0.5599,1
561,562,15,0,4,19.44,1
562,563,15,0,2,0.44,1
563,564,15,1,1,-4.5599,1
564,565,15,1,3,-3.5599,0
565,566,15,0,1,-9.5599,0
566,567,15,0,3,10.44,0
567,568,15,0,2,4.44,0
568,569,15,1,4,8.44,0
569,570,15,0,2,-5.5599,0
570,571,15,0,1,-2.5599,0
571,572,15,0,1,-7.56,0
572,573,15,0,1,-12.559,0
573,574,15,1,2,-4.5599,0
574,575,15,0,2,-8.5599,0
575,576,15,0,1,-10.559,0
576,577,15,1,3,-2.5599,0
577,578,15,1,2,-5.5599,0
578,579,16,1,3,-0.5599,1
579,580,16,1,1,-9.5599,1
580,581,16,0,1,-12.56,0
581,582,16,0,1,-12.56,0
582,583,16,1,1,-10.559,0
583,584,16,0,1,-12.56,0
584,585,16,1,1,-8.5599,0
585,586,16,1,3,4.44,0
586,587,16,1,3,17.44,0
587,588,16,1,3,8.44,0
588,589,16,0,4,4.44,0
589,590,16,1,2,-10.559,0
590,591,16,0,1,-10.559,0
591,592,16,0,1,-13.559,0
592,593,16,0,2,0.44,0
593,594,16,1,4,10.44,0
594,595,16,0,1,-12.56,0
595,596,16,0,3,18.44,0
596,597,16,1,1,-10.559,0
597,598,16,1,2,-6.5599,0
598,599,17,0,1,-11.559,0
599,600,17,0,1,-12.559,0
600,601,17,1,4,-0.5599,0
601,602,17,1,4,4.44,0
602,603,17,1,4,5.44,0
603,604,17,0,2,-7.5599,0
604,605,17,0,2,-5.5599,0
605,606,17,0,4,15.44,0
606,607,17,0,1,-4.5599,0
607,608,17,0,1,-12.559,0
608,609,17,0,4,-5.5599,0
609,610,17,0,3,-2.5599,0
610,611,17,0,1,-12.559,0
611,612,17,0,1,1.44,0
612,613,17,1,4,7.44,0
613,614,17,0,4,9.44,0
614,615,17,1,4,-2.5599,0
615,616,17,0,4,-2.5599,0
616,617,17,0,4,0.44,0
617,618,17,1,3,-0.5599,0
618,619,17,0,4,-5.5599,0
619,620,17,1,4,0.44,0
620,621,17,0,4,11.44,0
621,622,17,0,4,9.44,0
622,623,18,0,1,-1.56,1
623,624,18,1,2,-5.5599,1
624,625,18,0,3,1.44,1
625,626,18,0,3,-1.5599,1
626,627,18,0,1,-9.5599,1
627,628,18,1,4,2.44,1
628,629,18,0,1,-7.5599,1
629,630,18,0,1,-11.559,1
630,631,18,1,3,0.44,1
631,632,18,1,4,15.44,1
632,633,18,0,1,-7.5599,1
633,634,18,1,1,-8.5599,1
634,635,18,1,1,-9.5599,1
635,636,18,1,4,8.44,1
636,637,18,0,1,-12.559,0
637,638,18,1,2,-6.5599,0
638,639,18,0,1,-10.559,0
639,640,18,0,2,-8.5599,0
640,641,18,0,1,-8.5599,0
641,642,18,1,1,-13.56,0
642,643,18,1,4,-0.5599,0
643,644,18,0,3,1.44,0
644,645,18,0,1,-13.56,0
645,646,18,0,1,-11.559,0
646,647,18,0,4,15.44,0
647,648,18,1,4,-5.5599,0
648,649,18,0,4,12.44,0
649,650,18,0,4,17.44,0
650,651,18,1,3,-5.5599,0
651,652,18,1,4,6.44,0
652,653,18,0,4,8.44,0
653,654,18,0,3,17.44,0
654,655,18,0,3,-2.5599,0
655,656,18,0,4,4.44,0
656,657,18,0,1,0.44,0
657,658,18,1,2,-13.559,0
658,659,18,0,4,-2.5599,0
659,660,18,0,4,1.44,0
660,661,18,0,1,17.44,0
661,662,18,0,3,-6.5599,0
662,663,18,0,3,-6.5599,0
663,664,18,0,4,5.44,0
664,665,18,1,2,-6.5599,0
665,666,18,0,1,-4.5599,0
666,667,18,0,4,7.44,0
667,668,18,0,4,16.44,0
668,669,18,1,1,-10.559,0
669,670,19,0,1,-2.5599,1
670,671,19,1,2,-11.559,1
671,672,19,1,4,-1.5599,1
672,673,19,1,1,-12.559,1
673,674,19,0,2,18.44,0
674,675,19,1,4,2.44,0
675,676,19,1,4,-0.5599,0
676,677,19,0,1,-6.5599,0
677,678,19,0,4,3.44,0
678,679,19,0,4,11.44,0
679,680,19,0,2,14.44,0
680,681,19,0,2,5.44,0
681,682,19,0,1,-9.5599,0
682,683,19,0,1,-2.5599,0
683,684,19,0,2,-6.5599,0
684,685,19,1,1,0.44,0
685,686,19,0,1,-1.5599,0
686,687,19,0,1,-10.56,0
687,688,19,1,4,3.44,0
688,689,19,1,2,3.44,0
689,690,19,1,4,2.44,0
690,691,19,0,2,-5.5599,0
691,692,19,0,4,-5.5599,0
692,693,19,0,4,0.44,0
693,694,19,1,4,12.44,0
694,695,19,0,4,5.44,0
695,696,20,0,3,-1.5599,0
696,697,20,0,3,3.44,0
697,698,20,1,1,-12.56,0
698,699,20,1,3,-0.5599,0
699,700,20,0,4,17.44,0
700,701,20,1,1,-12.56,0
701,702,20,1,1,-10.559,0
702,703,20,0,3,-5.5599,0
703,704,20,0,4,11.44,0
704,705,20,0,1,-12.56,0
705,706,20,0,1,-13.559,0
706,707,20,0,1,8.44,0
707,708,20,0,1,-13.559,0
708,709,20,1,4,12.44,0
709,710,20,1,4,-1.5599,0
710,711,21,0,4,18.44,1
711,712,21,0,4,19.44,1
712,713,21,1,1,-12.559,1
713,714,21,0,1,-13.56,1
714,715,21,0,4,-3.5599,1
715,716,21,0,4,14.44,1
716,717,21,0,4,12.44,1
717,718,21,0,2,-6.5599,1
718,719,21,0,3,7.44,0
719,720,21,1,1,1.44,0
720,721,21,0,2,-7.5599,0
721,722,21,1,3,-1.5599,0
722,723,21,0,3,-2.5599,0
723,724,21,1,2,-4.5599,0
724,725,21,1,1,2.44,0
725,726,21,1,2,-0.5599,0
726,727,21,1,1,-7.5599,0
727,728,21,0,1,-10.559,0
728,729,22,0,2,4.44,0
729,730,22,1,3,-5.5599,0
730,731,22,0,1,19.44,0
731,732,22,0,4,-1.5599,0
732,733,22,0,1,-10.559,0
733,734,22,0,4,-4.5599,0
734,735,22,0,4,17.44,0
735,736,22,1,2,-3.5599,0
736,737,22,0,3,-3.56,0
737,738,22,0,3,3.44,0
738,739,22,0,2,-8.5599,0
739,740,22,0,3,-1.56,0
740,741,22,0,4,5.44,0
741,742,22,0,1,-11.559,0
742,743,22,0,4,17.44,0
743,744,22,0,4,6.44,0
744,745,22,0,4,0.44,0
745,746,22,0,4,0.44,0
746,747,22,1,3,-4.5599,0
747,748,22,1,2,-1.5599,0
748,749,23,0,3,-4.5599,0
749,750,23,0,1,-8.5599,0
750,751,23,1,3,-1.5599,0
751,752,23,0,3,-2.5599,0
752,753,23,0,4,16.44,0
753,754,23,0,4,-1.5599,0
754,755,23,0,3,-5.56,0
755,756,23,0,2,10.44,0
756,757,23,1,4,10.44,0
757,758,23,0,1,-11.559,0
758,759,23,0,4,8.44,0
759,760,23,1,4,7.44,0
760,761,23,0,1,-11.559,0
761,762,23,1,3,5.44,0
762,763,23,0,4,8.44,0
763,764,24,0,1,-8.5599,0
764,765,24,0,4,-3.5599,0
765,766,24,0,2,-6.5599,0
766,767,24,0,4,17.44,0
767,768,24,0,1,-11.559,0
768,769,24,0,1,-10.559,0
769,770,24,0,4,5.44,0
770,771,24,0,4,9.44,0
771,772,24,0,4,4.44,0
772,773,24,0,1,6.44,0
773,774,24,1,4,6.44,0
774,775,24,0,1,-13.56,0
775,776,24,0,2,-4.5599,0
776,777,24,0,4,15.44,0
777,778,25,0,1,-8.5599,1
778,779,25,1,3,-5.5599,1
779,780,25,0,1,-3.5599,1
780,781,25,1,4,1.44,1
781,782,25,0,1,-1.5599,1
782,783,25,1,2,9.44,1
783,784,25,1,4,8.44,1
784,785,25,1,2,-0.5599,1
785,786,25,0,4,-5.56,1
786,787,25,0,1,0.44,1
787,788,25,1,4,-1.5599,1
788,789,25,0,1,-11.559,1
789,790,25,0,1,-11.559,1
790,791,25,1,4,4.44,1
791,792,25,0,1,-9.5599,1
792,793,25,0,1,-10.559,1
793,794,25,0,2,2.44,1
794,795,25,1,2,-7.5599,1
795,796,25,1,4,18.44,0
796,797,25,0,2,-6.5599,0
797,798,25,0,4,-2.5599,0
798,799,25,1,2,-3.5599,0
799,800,25,1,2,-8.5599,0
800,801,25,1,3,6.44,0
801,802,25,0,1,-13.56,0
802,803,25,0,4,3.44,0
803,804,25,0,4,3.44,0
804,805,25,0,4,1.44,0
805,806,25,0,1,-8.5599,0
806,807,25,1,4,0.44,0
807,808,25,1,4,4.44,0
808,809,25,0,3,-5.5599,0
809,810,25,1,4,5.44,0
810,811,25,1,2,-10.559,0
811,812,25,1,4,-9.5599,0
812,813,25,0,4,4.44,0
813,814,25,1,3,1.44,0
814,815,25,0,1,-12.56,0
815,816,25,0,3,-6.5599,0
816,817,25,0,2,-4.5599,0
817,818,25,0,1,-1.5599,0
818,819,25,1,3,5.44,0
819,820,25,1,4,5.44,0
820,821,25,0,3,2.44,0
821,822,25,1,4,10.44,0
822,823,25,0,1,-11.56,0
823,824,25,1,4,4.44,0
824,825,25,0,4,7.44,0
825,826,25,1,2,-6.5599,0
826,827,25,1,4,0.44,0
827,828,25,1,4,-1.5599,0
828,829,25,0,2,-5.5599,0
829,830,25,0,2,-2.5599,0
830,831,25,1,4,14.44,0
831,832,25,0,1,-5.5599,0
832,833,25,1,2,-11.559,0
833,834,25,1,4,1.44,0
834,835,25,0,3,-0.56,0
835,836,25,0,4,18.44,0
836,837,25,0,2,-1.5599,0
837,838,25,0,1,-11.56,0
838,839,25,0,2,-5.5599,0
839,840,25,0,3,-1.5599,0
840,841,25,1,4,-2.5599,0
841,842,25,1,4,4.44,0
842,843,25,0,1,-12.56,0
843,844,25,0,4,5.44,0
844,845,26,1,4,5.44,0
845,846,26,0,4,5.44,0
846,847,26,0,4,3.44,0
847,848,26,0,4,7.44,0
848,849,26,0,2,-8.5599,0
849,850,26,0,2,-9.5599,0
850,851,26,0,1,-9.5599,0
851,852,26,1,3,7.44,0
852,853,26,0,2,-5.5599,0
853,854,26,1,2,-2.5599,0
854,855,26,0,3,15.44,0
855,856,26,1,3,7.44,0
856,857,26,1,3,-2.5599,0
857,858,27,0,4,1.44,1
858,859,27,0,1,-2.5599,1
859,860,27,0,4,4.44,1
860,861,27,1,1,-9.5599,1
861,862,27,1,4,14.44,1
862,863,27,0,2,-6.56,0
863,864,27,0,1,-12.559,0
864,865,27,0,4,15.44,0
865,866,27,0,4,10.44,0
866,867,27,0,2,2.44,0
867,868,27,0,4,14.44,0
868,869,27,0,4,19.44,0
869,870,27,0,3,6.44,0
870,871,27,0,4,10.44,0
871,872,27,1,1,-5.5599,0
872,873,27,0,4,19.44,0
873,874,27,0,1,0.44,0
874,875,27,0,1,-12.559,0
875,876,27,0,1,-12.559,0
876,877,27,0,1,-7.56,0
877,878,27,0,1,-1.5599,0
878,879,27,1,3,9.44,0
879,880,27,1,4,14.44,0
880,881,27,0,2,-4.5599,0
881,882,27,0,1,-10.559,0
882,883,27,0,3,-5.56,0
883,884,27,0,4,17.44,0
884,885,27,1,1,-5.5599,0
885,886,27,1,4,2.44,0
886,887,27,0,1,-13.559,0
887,888,27,0,1,-12.559,0
888,889,27,1,3,-0.5599,0
889,890,27,0,4,8.44,0
890,891,27,0,2,-2.5599,0
891,892,27,0,1,-11.559,0
892,893,27,0,2,-5.5599,0
893,894,27,0,2,4.44,0
894,895,27,0,1,-9.5599,0
895,896,27,0,4,14.44,0
896,897,27,0,4,9.44,0
897,898,27,0,4,11.44,0
898,899,27,0,4,18.44,0
899,900,27,0,4,11.44,0
900,901,27,0,4,6.44,0
901,902,28,0,4,10.44,1
902,903,28,0,4,-1.5599,1
903,904,28,0,4,9.44,1
904,905,28,1,4,4.44,1
905,906,28,1,2,-9.5599,0
906,907,28,1,3,-2.5599,0
907,908,28,0,2,-1.56,0
908,909,28,0,4,18.44,0
909,910,28,1,4,9.44,0
910,911,28,0,4,18.44,0
911,912,28,1,4,10.44,0
912,913,28,1,4,-1.5599,0
913,914,28,0,4,9.44,0
914,915,28,1,4,9.44,0
915,916,28,0,4,19.44,0
916,917,28,0,1,-7.56,0
917,918,28,1,1,-13.56,0
918,919,28,0,4,18.44,0
919,920,28,0,1,-12.559,0
920,921,28,0,3,-0.5599,0
921,922,28,1,4,11.44,0
922,923,28,0,1,-12.559,0
923,924,28,0,1,-13.56,0
924,925,28,0,1,-9.5599,0
925,926,28,0,1,-11.559,0
926,927,28,1,4,5.44,0
927,928,28,0,2,-7.56,0
928,929,28,0,1,-7.56,0
929,930,28,0,4,16.44,0
930,931,28,1,4,1.44,0
931,932,28,1,3,-2.5599,0
932,933,28,0,4,1.44,0
933,934,28,0,4,18.44,0
934,935,28,0,2,-2.5599,0
935,936,28,0,4,3.44,0
936,937,28,0,4,19.44,0
937,938,28,0,2,-9.5599,0
938,939,28,0,2,-6.56,0
939,940,28,0,3,-2.5599,0
940,941,28,0,1,-7.56,0
941,942,28,0,1,-10.559,0
942,943,28,0,3,8.44,0
943,944,28,0,4,6.44,0
944,945,28,0,4,10.44,0
945,946,28,0,3,-9.5599,0
946,947,28,0,1,-12.559,0
947,948,28,0,4,8.44,0
948,949,28,0,2,0.44,0
949,950,28,0,2,-0.5599,0
950,951,29,0,4,9.44,1
951,952,29,0,1,-5.5599,1
952,953,29,1,4,12.44,1
953,954,29,1,4,7.44,1
954,955,29,0,1,-0.5599,1
955,956,29,1,3,0.44,1
956,957,29,1,1,10.44,1
957,958,29,0,1,-8.5599,0
958,959,29,0,1,-13.559,0
959,960,29,0,1,-10.559,0
960,961,29,0,1,-7.56,0
961,962,29,0,4,-1.5599,0
962,963,29,0,3,-0.5599,0
963,964,29,0,4,11.44,0
964,965,29,0,1,4.44,0
965,966,29,0,4,10.44,0
966,967,29,0,1,-4.5599,0
967,968,29,0,1,-9.5599,0
968,969,29,1,1,-12.559,0
969,970,29,0,1,-9.5599,0
970,971,29,1,4,8.44,0
971,972,29,0,4,19.44,0
972,973,29,0,3,18.44,0
973,974,29,0,1,-9.5599,0
974,975,29,0,1,-7.56,0
975,976,29,1,4,2.44,0
976,977,29,0,1,-11.559,0
977,978,29,1,2,-8.5599,0
978,979,29,0,2,-5.5599,0
979,980,29,0,2,-9.5599,0
980,981,29,0,3,-5.5599,0
981,982,29,1,4,0.44,0
982,983,30,1,2,-0.5599,1
983,984,30,1,3,5.44,1
984,985,30,1,2,-0.5599,1
985,986,30,1,4,5.44,1
986,987,30,1,4,8.44,1
987,988,30,0,2,-6.5599,1
988,989,30,0,3,-3.56,1
989,990,30,1,4,19.4399,1
990,991,30,1,3,0.44,1
991,992,30,1,4,19.4399,1
992,993,30,0,1,-8.5599,1
993,994,30,1,2,-2.5599,1
994,995,30,1,2,-8.5599,1
995,996,30,1,2,-2.5599,1
996,997,30,0,1,-10.559,1
997,998,30,1,2,5.44,1
998,999,30,1,4,11.44,0
999,1000,30,0,1,4.44,0
1000,1001,30,1,2,-4.5599,0
1001,1002,30,0,1,3.44,0
1002,1003,30,0,1,-9.5599,0
1003,1004,30,1,4,6.44,0
1004,1005,30,0,1,-11.559,0
1005,1006,30,1,4,8.44,0
1006,1007,30,1,4,-6.5599,0
1007,1008,30,1,4,9.44,0
1008,1009,30,0,1,-13.559,0
1009,1010,30,1,1,-10.559,0
1010,1011,30,0,2,-7.5599,0
1011,1012,30,0,4,6.44,0
1012,1013,30,1,2,-1.5599,0
1013,1014,30,0,4,15.44,0
1014,1015,30,0,1,-6.5599,0
1015,1016,30,1,2,-4.5599,0
1016,1017,30,0,1,-11.559,0
1017,1018,30,1,2,-4.5599,0
1018,1019,30,1,4,9.44,0
1019,1020,30,0,1,-11.559,0
1020,1021,30,0,2,-8.5599,0
1021,1022,30,1,4,17.44,0
1022,1023,30,0,2,-6.5599,0
1023,1024,30,0,2,-0.5599,0
1024,1025,30,1,4,7.44,0
1025,1026,30,1,4,2.44,0
1026,1027,30,1,4,7.44,0
1027,1028,30,1,2,8.44,0
1028,1029,30,0,1,-9.5599,0
1029,1030,30,0,4,8.44,0
1030,1031,30,0,1,-11.559,0
1031,1032,30,0,1,12.44,0
1032,1033,30,0,3,0.44,0
1033,1034,30,0,1,-10.559,0
1034,1035,30,1,2,2.44,0
1035,1036,30,0,1,-9.5599,0
1036,1037,30,0,3,0.44,0
1037,1038,30,0,1,-10.559,0
1038,1039,30,0,1,-10.559,0
1039,1040,30,0,4,9.44,0
1040,1041,30,0,4,17.44,0
1041,1042,30,1,3,-0.5599,0
1042,1043,30,0,2,-8.5599,0
1043,1044,31,0,4,15.44,1
1044,1045,31,1,1,-6.5599,1
1045,1046,31,1,4,0.44,1
1046,1047,31,1,4,2.44,1
1047,1048,31,0,4,16.44,1
1048,1049,31,0,1,-11.559,1
1049,1050,31,0,4,17.44,0
1050,1051,31,1,4,18.44,0
1051,1052,31,1,4,14.44,0
1052,1053,31,1,3,-7.5599,0
1053,1054,31,0,2,17.44,0
1054,1055,31,1,2,-0.5599,0
1055,1056,31,0,1,-9.5599,0
1056,1057,31,0,1,-9.5599,0
1057,1058,31,1,4,2.44,0
1058,1059,31,0,2,-2.56,0
1059,1060,31,1,4,3.44,0
1060,1061,31,0,4,0.44,0
1061,1062,31,0,1,-13.559,0
1062,1063,31,0,1,-11.559,0
1063,1064,31,0,4,10.44,0
1064,1065,31,0,4,14.44,0
1065,1066,31,1,3,-0.5599,0
1066,1067,31,0,4,8.44,0
1067,1068,31,0,1,-10.559,0
1068,1069,31,1,2,-7.5599,0
1069,1070,31,1,4,6.44,0
1070,1071,31,1,2,-0.5599,0
1071,1072,31,0,4,18.44,0
1072,1073,31,1,1,-10.559,0
1073,1074,31,1,2,-9.5599,0
1074,1075,31,0,4,0.44,0
1075,1076,31,0,1,-11.559,0
1076,1077,32,1,4,10.44,0
1077,1078,32,0,1,-2.5599,0
1078,1079,32,0,4,0.44,0
1079,1080,32,0,3,-2.5599,0
1080,1081,32,0,3,-3.5599,0
1081,1082,32,0,4,13.44,0
1082,1083,32,1,4,-3.5599,0
1083,1084,32,0,4,12.44,0
1084,1085,32,0,4,1.44,0
1085,1086,32,0,1,-9.5599,0
1086,1087,32,1,4,-2.5599,0
1087,1088,32,0,4,1.44,0
1088,1089,32,1,4,-2.5599,0
1089,1090,32,0,4,8.44,0
1090,1091,32,1,1,-11.559,0
1091,1092,32,0,2,-11.56,0
1092,1093,32,0,4,-0.5599,0
1093,1094,32,0,1,-11.559,0
1094,1095,32,0,3,4.44,0
1095,1096,32,0,4,1.44,0
1096,1097,32,0,4,5.44,0
1097,1098,32,0,4,2.44,0
1098,1099,32,0,2,-9.5599,0
1099,1100,32,0,4,4.44,0
1100,1101,33,0,3,4.44,1
1101,1102,33,1,4,1.44,1
1102,1103,33,1,4,2.44,1
1103,1104,33,1,2,-1.5599,1
1104,1105,33,0,2,-7.5599,1
1105,1106,33,1,4,5.44,1
1106,1107,33,1,4,6.44,1
1107,1108,33,0,2,-10.56,0
1108,1109,33,1,4,0.44,0
1109,1110,33,0,3,19.44,0
1110,1111,33,0,3,-2.5599,0
1111,1112,33,0,2,-4.5599,0
1112,1113,33,0,4,18.44,0
1113,1114,33,0,3,6.44,0
1114,1115,34,1,3,13.44,1
1115,1116,34,0,4,8.44,1
1116,1117,34,1,1,-9.5599,1
1117,1118,34,0,1,4.44,1
1118,1119,34,0,4,10.44,1
1119,1120,34,1,1,-1.5599,1
1120,1121,34,0,3,10.44,1
1121,1122,34,0,4,11.44,1
1122,1123,34,0,4,-2.5599,1
1123,1124,34,1,1,-11.559,0
1124,1125,34,1,2,3.44,0
1125,1126,34,1,3,4.44,0
1126,1127,34,1,4,-3.56,0
1127,1128,34,1,1,-8.5599,0
1128,1129,34,0,3,8.44,0
1129,1130,34,1,4,8.44,0
1130,1131,34,1,4,4.44,0
1131,1132,34,1,3,-3.5599,0
1132,1133,34,1,4,8.44,0
1133,1134,34,0,3,-3.5599,0
1134,1135,34,0,2,-9.5599,0
1135,1136,34,1,4,-2.5599,0
1136,1137,34,1,4,2.44,0
1137,1138,34,1,3,0.44,0
1138,1139,34,0,2,4.44,0
1139,1140,34,1,3,-7.5599,0
1140,1141,34,1,4,11.44,0
1141,1142,34,0,1,-12.559,0
1142,1143,34,0,4,9.44,0
1143,1144,34,1,2,-2.5599,0
1144,1145,34,1,4,-2.5599,0
1145,1146,34,1,3,13.44,0
1146,1147,34,1,4,11.44,0
1147,1148,34,1,3,0.44,0
1148,1149,34,1,4,12.44,0
1149,1150,35,1,1,0.44,1
1150,1151,35,0,2,-10.559,1
1151,1152,35,0,1,-6.5599,1
1152,1153,35,1,2,-12.559,1
1153,1154,35,0,1,-11.559,1
1154,1155,35,0,2,-9.5599,1
1155,1156,35,0,3,-10.559,1
1156,1157,35,0,3,6.44,1
1157,1158,35,1,1,-6.5599,1
1158,1159,35,1,4,-5.5599,1
1159,1160,35,1,4,-0.5599,1
1160,1161,35,0,4,17.44,1
1161,1162,35,1,2,-0.5599,1
1162,1163,35,1,2,-0.5599,1
1163,1164,35,1,1,2.44,1
1164,1165,35,0,2,6.44,1
1165,1166,35,1,3,-6.5599,1
1166,1167,35,1,3,9.44,1
1167,1168,35,1,4,4.44,1
1168,1169,35,0,1,-13.559,1
1169,1170,35,0,4,5.44,0
1170,1171,35,0,3,-7.5599,0
1171,1172,35,0,4,3.44,0
1172,1173,35,0,3,-6.5599,0
1173,1174,35,0,2,-13.559,0
1174,1175,35,0,4,-0.5599,0
1175,1176,35,0,4,6.44,0
1176,1177,35,1,4,18.44,0
1177,1178,35,1,4,3.44,0
1178,1179,35,1,1,-7.5599,0
1179,1180,35,1,4,-2.5599,0
1180,1181,35,1,2,-2.56,0
1181,1182,35,1,4,-8.5599,0
1182,1183,35,1,3,-0.5599,0
1183,1184,35,0,3,4.44,0
1184,1185,35,1,4,1.44,0
1185,1186,35,1,3,12.44,0
1186,1187,35,0,2,-6.5599,0
1187,1188,35,1,3,10.44,0
1188,1189,35,0,1,-11.559,0
1189,1190,35,1,3,-6.5599,0
1190,1191,35,0,4,5.44,0
1191,1192,35,1,4,10.44,0
1192,1193,35,0,4,2.44,0
1193,1194,35,1,4,14.44,0
1194,1195,35,0,2,-9.5599,0
1195,1196,35,0,4,16.44,0
1196,1197,35,0,1,16.44,0
1197,1198,36,0,4,12.44,1
1198,1199,36,1,3,-4.5599,1
1199,1200,36,0,1,-10.559,1
1200,1201,36,0,1,-8.5599,0
1201,1202,36,0,3,-0.5599,0
1202,1203,36,1,3,-2.5599,0
1203,1204,36,1,3,-3.5599,0
1204,1205,36,0,2,5.44,0
1205,1206,36,0,4,19.44,0
1206,1207,36,0,4,1.44,0
1207,1208,36,1,4,3.44,0
1208,1209,36,0,4,1.44,0
1209,1210,36,0,4,2.44,0
1210,1211,36,0,2,-9.5599,0
1211,1212,36,0,2,-7.5599,0
1212,1213,36,1,2,4.44,0
1213,1214,36,1,2,-5.5599,0
1214,1215,37,1,2,1.44,0
1215,1216,37,0,4,5.44,0
1216,1217,37,1,3,-4.5599,0
1217,1218,37,1,4,18.44,0
1218,1219,37,1,3,-2.5599,0
1219,1220,37,1,3,-3.5599,0
1220,1221,37,1,1,-9.5599,0
1221,1222,37,1,4,9.44,0
1222,1223,37,0,2,-6.5599,0
1223,1224,37,0,1,-13.559,0
1224,1225,37,0,4,3.44,0
1225,1226,37,0,4,16.44,0
1226,1227,37,0,4,10.44,0
1227,1228,38,1,4,8.44,1
1228,1229,38,0,4,15.44,1
1229,1230,38,1,4,-1.5599,1
1230,1231,38,1,4,15.44,1
1231,1232,38,1,4,9.44,1
1232,1233,38,0,1,-6.5599,1
1233,1234,38,0,2,19.44,1
1234,1235,38,0,4,19.44,0
1235,1236,38,0,4,0.44,0
1236,1237,38,0,1,-12.559,0
1237,1238,38,0,4,16.44,0
1238,1239,38,0,4,17.44,0
1239,1240,38,0,4,16.44,0
1240,1241,38,0,1,-9.5599,0
1241,1242,39,0,4,4.44,1
1242,1243,39,1,2,-10.559,1
1243,1244,39,0,4,8.44,0
1244,1245,39,0,4,14.44,0
1245,1246,39,1,1,-1.5599,0
1246,1247,39,1,1,-10.56,0
1247,1248,39,1,3,-1.5599,0
1248,1249,39,1,1,-7.5599,0
1249,1250,39,1,2,-0.5599,0
1250,1251,39,1,3,-1.5599,0
1251,1252,39,0,1,-6.56,0
1252,1253,39,1,4,10.44,0
1253,1254,39,0,4,5.44,0
1254,1255,39,0,1,-4.5599,0
1255,1256,39,0,1,-11.559,0
1256,1257,39,1,1,-10.56,0
1257,1258,39,0,4,13.44,0
1258,1259,39,0,4,8.44,0
1259,1260,39,1,3,12.44,0
1260,1261,39,0,1,-13.559,0
1261,1262,39,0,4,-7.5599,0
1262,1263,39,1,4,-8.5599,0
1263,1264,39,0,1,-7.5599,0
1264,1265,39,0,4,19.44,0
1265,1266,39,1,1,3.44,0
1266,1267,39,1,4,7.44,0
1267,1268,40,0,3,2.44,1
1268,1269,40,0,4,2.44,1
1269,1270,40,0,4,1.44,1
1270,1271,40,0,1,-12.559,1
1271,1272,40,1,1,-4.5599,1
1272,1273,40,1,1,-3.5599,1
1273,1274,40,0,1,-10.559,1
1274,1275,40,1,4,10.44,1
1275,1276,40,0,1,-7.5599,1
1276,1277,40,1,4,3.44,1
1277,1278,40,1,2,-3.5599,1
1278,1279,40,0,1,-9.5599,1
1279,1280,40,1,1,0.44,1
1280,1281,40,1,3,5.44,1
1281,1282,40,1,4,1.44,1
1282,1283,40,0,4,10.44,1
1283,1284,40,0,4,11.44,1
1284,1285,40,1,1,-8.5599,1
1285,1286,40,1,4,4.44,1
1286,1287,40,0,1,5.44,1
1287,1288,40,1,2,-1.5599,1
1288,1289,40,1,1,12.44,1
1289,1290,40,0,2,-8.5599,1
1290,1291,40,0,1,4.44,1
1291,1292,40,0,1,-11.559,1
1292,1293,40,1,3,-1.5599,1
1293,1294,40,0,2,11.44,1
1294,1295,40,0,4,15.44,1
1295,1296,40,1,2,-5.5599,1
1296,1297,40,0,4,4.44,0
1297,1298,40,1,4,5.44,0
1298,1299,40,1,4,0.44,0
1299,1300,40,0,4,19.44,0
1300,1301,40,1,4,0.44,0
1301,1302,40,0,1,-4.5599,0
1302,1303,40,0,4,13.44,0
1303,1304,40,0,4,14.44,0
1304,1305,40,1,4,17.44,0
1305,1306,40,1,1,-10.559,0
1306,1307,40,0,4,-4.5599,0
1307,1308,40,0,4,12.44,0
1308,1309,41,0,4,6.44,1
1309,1310,41,0,4,6.44,1
1310,1311,41,0,1,6.44,1
1311,1312,41,0,2,1.44,0
1312,1313,41,1,4,13.44,0
1313,1314,41,1,4,10.44,0
1314,1315,41,1,3,-4.5599,0
1315,1316,41,1,1,-8.5599,0
1316,1317,41,1,4,0.44,0
1317,1318,41,0,4,2.44,0
1318,1319,41,0,4,-0.5599,0
1319,1320,41,1,4,7.44,0
1320,1321,41,0,4,12.44,0
1321,1322,41,0,3,-7.5599,0
1322,1323,41,1,2,-1.5599,0
1323,1324,41,0,2,11.44,0
1324,1325,41,1,3,-2.5599,0
1325,1326,41,1,1,-3.5599,0
1326,1327,41,0,1,-12.559,0
1327,1328,41,1,3,-0.5599,0
1328,1329,41,0,2,-5.5599,0
1329,1330,41,0,3,-1.5599,0
1330,1331,41,1,2,5.44,0
1331,1332,41,0,2,-6.5599,0
1332,1333,41,1,4,8.44,0
1333,1334,41,1,2,-9.5599,0
1334,1335,42,0,2,-7.5599,1
1335,1336,42,1,2,-2.5599,1
1336,1337,42,0,1,-13.559,1
1337,1338,42,0,2,0.44,1
1338,1339,42,0,2,-0.5599,1
1339,1340,42,0,1,-10.56,0
1340,1341,42,1,3,9.44,0
1341,1342,42,1,4,11.44,0
1342,1343,42,1,2,1.44,0
1343,1344,42,1,4,16.44,0
1344,1345,42,1,2,-1.5599,0
1345,1346,43,0,1,1.44,1
1346,1347,43,1,1,-6.5599,1
1347,1348,43,1,2,-0.5599,1
1348,1349,43,0,3,3.44,1
1349,1350,43,0,4,0.44,1
1350,1351,43,1,3,5.44,1
1351,1352,43,0,1,6.44,1
1352,1353,43,1,3,2.44,1
1353,1354,43,1,3,-2.5599,1
1354,1355,43,0,2,-0.5599,1
1355,1356,43,1,1,-11.559,1
1356,1357,43,0,4,17.44,1
1357,1358,43,1,2,2.44,1
1358,1359,43,0,3,-8.5599,1
1359,1360,43,1,2,-0.5599,1
1360,1361,43,1,4,11.44,1
1361,1362,43,1,1,-12.559,1
1362,1363,43,1,2,0.44,0
1363,1364,43,1,2,-3.5599,0
1364,1365,43,0,1,0.44,0
1365,1366,43,0,1,-13.56,0
1366,1367,43,1,2,-5.5599,0
1367,1368,43,0,3,-2.5599,0
1368,1369,43,1,1,-9.5599,0
1369,1370,43,1,2,-10.559,0
1370,1371,43,0,1,-12.559,0
1371,1372,43,1,4,12.44,0
1372,1373,43,0,2,-8.5599,0
1373,1374,43,0,1,-10.559,0
1374,1375,43,1,4,-5.5599,0
1375,1376,43,1,4,6.44,0
1376,1377,43,0,4,18.44,0
1377,1378,43,0,4,13.44,0
1378,1379,43,0,1,-1.5599,0
1379,1380,43,1,1,-10.559,0
1380,1381,43,0,1,-13.56,0
1381,1382,43,0,1,-13.56,0
1382,1383,43,1,4,12.44,0
1383,1384,43,1,3,-4.5599,0
1384,1385,43,1,3,-6.5599,0
1385,1386,43,0,2,0.44,0
1386,1387,43,1,4,17.44,0
1387,1388,43,0,1,-11.56,0
1388,1389,43,1,4,10.44,0
1389,1390,43,0,1,-0.5599,0
1390,1391,44,0,1,-7.5599,0
1391,1392,44,0,4,13.44,0
1392,1393,44,1,4,16.44,0
1393,1394,44,0,4,0.44,0
1394,1395,44,0,4,5.44,0
1395,1396,44,0,4,2.44,0
1396,1397,44,0,1,-0.5599,0
1397,1398,44,0,4,7.44,0
1398,1399,44,1,3,1.44,0
1399,1400,44,0,1,-3.5599,0
1400,1401,44,0,4,13.44,0
1401,1402,44,0,1,-13.559,0
1402,1403,44,1,2,-1.5599,0
1403,1404,44,0,1,-0.5599,0
1404,1405,44,1,3,1.44,0
1405,1406,44,0,4,1.44,0
1406,1407,44,0,1,-10.559,0
1407,1408,44,0,2,-6.56,0
1408,1409,44,0,2,-4.5599,0
1409,1410,44,0,1,18.44,0
1410,1411,44,1,3,16.44,0
1411,1412,44,0,3,7.44,0
1412,1413,44,0,1,-10.559,0
1413,1414,44,0,3,-2.5599,0
1414,1415,44,0,2,-4.5599,0
1415,1416,44,1,3,-3.5599,0
1416,1417,44,0,4,-5.56,0
1417,1418,45,1,2,10.44,1
1418,1419,45,0,1,-7.5599,1
1419,1420,45,1,3,-6.5599,1
1420,1421,45,1,3,-2.5599,1
1421,1422,45,1,2,-9.5599,1
1422,1423,45,1,2,-10.559,0
1423,1424,45,0,4,11.44,0
1424,1425,45,0,2,-10.559,0
1425,1426,45,0,4,1.44,0
1426,1427,45,0,1,10.44,0
1427,1428,45,0,3,0.44,0
1428,1429,45,0,3,-3.5599,0
1429,1430,45,0,3,19.44,0
1430,1431,45,0,4,17.44,0
1431,1432,45,0,3,-8.5599,0
1432,1433,45,0,2,-6.5599,0
1433,1434,45,1,2,4.44,0
1434,1435,45,1,2,1.44,0
1435,1436,45,0,1,-9.5599,0
1436,1437,45,0,2,-6.5599,0
1437,1438,45,0,3,4.44,0
1438,1439,45,1,4,-0.5599,0
1439,1440,45,0,2,-6.5599,0
1440,1441,45,0,1,-13.559,0
1441,1442,45,0,3,-8.5599,0
1442,1443,45,0,2,-6.5599,0
1443,1444,45,1,4,-0.5599,0
1444,1445,45,1,4,-2.5599,0
1445,1446,45,0,3,-11.559,0
1446,1447,45,1,4,10.44,0
1447,1448,45,0,2,-4.5599,0
1448,1449,45,0,3,-4.56,0
1449,1450,45,1,4,-1.5599,0
1450,1451,45,0,1,-1.5599,0
1451,1452,45,0,1,-12.56,0
1452,1453,45,1,2,-10.559,0
1453,1454,45,0,4,1.44,0
1454,1455,45,0,4,5.44,0
1455,1456,45,0,1,-12.56,0
1456,1457,46,1,4,13.44,1
1457,1458,46,1,4,7.44,1
1458,1459,46,1,2,7.44,1
1459,1460,46,1,2,-1.5599,1
1460,1461,46,1,2,-8.5599,1
1461,1462,46,0,1,-8.5599,1
1462,1463,46,1,4,-0.5599,1
1463,1464,46,0,3,0.44,1
1464,1465,46,0,1,-10.559,1
1465,1466,46,1,4,7.44,1
1466,1467,46,0,3,3.44,1
1467,1468,46,1,2,0.44,1
1468,1469,46,0,4,8.44,0
1469,1470,46,1,3,0.44,0
1470,1471,46,1,2,-11.559,0
1471,1472,46,0,3,-9.5599,0
1472,1473,46,1,3,-3.5599,0
1473,1474,46,0,4,10.44,0
1474,1475,46,1,3,-1.5599,0
1475,1476,46,0,4,15.44,0
1476,1477,46,1,3,0.44,0
1477,1478,46,1,1,-10.56,0
1478,1479,46,0,4,-5.5599,0
1479,1480,46,1,3,-3.5599,0
1480,1481,46,0,1,-11.559,0
1481,1482,46,1,4,4.44,0
1482,1483,46,1,2,-2.5599,0
1483,1484,46,0,2,-6.5599,0
1484,1485,46,1,4,7.44,0
1485,1486,46,0,1,0.44,0
1486,1487,46,0,4,2.44,0
1487,1488,46,1,4,-2.5599,0
1488,1489,46,0,1,-4.5599,0
1489,1490,46,0,2,-5.5599,0
1490,1491,46,0,4,9.44,0
1491,1492,46,1,2,-10.559,0
1492,1493,46,0,1,-11.559,0
1493,1494,46,0,3,3.44,0
1494,1495,46,1,4,-2.5599,0
1495,1496,46,1,4,6.44,0
1496,1497,46,0,1,-4.5599,0
1497,1498,46,1,3,-2.5599,0
1498,1499,46,0,4,16.44,0
1499,1500,46,1,1,-7.5599,0
1500,1501,46,0,4,16.44,0
1501,1502,46,1,1,-5.5599,0
1502,1503,46,1,1,-12.56,0
1503,1504,46,1,3,2.44,0
1504,1505,46,1,4,-5.5599,0
1505,1506,46,1,4,-0.5599,0
1506,1507,46,0,2,-2.5599,0
1507,1508,46,1,4,7.44,0
1508,1509,46,1,1,-12.56,0
1509,1510,46,1,4,2.44,0
1510,1511,46,0,4,15.44,0
1511,1512,46,1,1,-7.5599,0
1512,1513,46,0,4,8.44,0
1513,1514,46,1,4,6.44,0
1514,1515,46,1,2,-2.5599,0
1515,1516,46,1,4,1.44,0
1516,1517,46,1,2,-6.5599,0
1517,1518,46,1,3,-3.5599,0
1518,1519,46,0,4,17.44,0
1519,1520,46,1,3,-0.5599,0
1520,1521,46,0,3,5.44,0
1521,1522,46,0,1,-11.559,0
1522,1523,46,0,4,-3.5599,0
1523,1524,46,1,1,-12.56,0
1524,1525,46,1,3,17.44,0
1525,1526,46,1,2,13.44,0
1526,1527,46,0,1,-9.5599,0
1527,1528,46,1,4,6.44,0
1528,1529,46,0,1,-7.5599,0
1529,1530,46,0,1,-9.5599,0
1530,1531,46,0,4,18.44,0
1531,1532,46,0,4,3.44,0
1532,1533,46,0,2,-12.559,0
1533,1534,46,0,1,-11.559,0
1534,1535,46,1,3,-0.5599,0
1535,1536,46,0,1,-4.5599,0
1536,1537,46,0,3,2.44,0
1537,1538,46,1,4,0.44,0
1538,1539,46,0,4,0.44,0
1539,1540,46,0,1,6.44,0
1540,1541,46,0,4,8.44,0
1541,1542,46,0,3,-0.5599,0
1542,1543,47,1,3,-0.5599,1
1543,1544,47,1,4,12.44,1
1544,1545,47,0,1,1.44,1
1545,1546,47,0,1,-11.559,1
1546,1547,47,0,1,-6.5599,1
1547,1548,47,1,3,8.44,1
1548,1549,47,0,4,16.44,0
1549,1550,47,1,4,1.44,0
1550,1551,47,1,4,6.44,0
1551,1552,47,0,1,-9.5599,0
1552,1553,47,0,3,8.44,0
1553,1554,47,1,4,8.44,0
1554,1555,47,1,1,8.44,0
1555,1556,47,0,4,9.44,0
1556,1557,47,0,2,17.44,0
1557,1558,48,1,3,1.44,1
1558,1559,48,1,3,-1.5599,1
1559,1560,48,0,2,-4.5599,1
1560,1561,48,1,4,4.44,1
1561,1562,48,0,3,-5.5599,1
1562,1563,48,0,1,17.44,1
1563,1564,48,0,4,16.44,1
1564,1565,48,1,2,-6.5599,1
1565,1566,48,1,1,-12.559,1
1566,1567,48,1,4,2.44,1
1567,1568,48,1,1,-5.5599,1
1568,1569,48,0,4,13.44,1
1569,1570,48,0,1,-11.559,1
1570,1571,48,1,2,-0.5599,1
1571,1572,48,0,4,9.44,1
1572,1573,48,1,1,-7.5599,1
1573,1574,48,1,3,-0.5599,0
1574,1575,48,0,2,-10.559,0
1575,1576,48,0,4,15.44,0
1576,1577,48,0,1,-13.559,0
1577,1578,48,0,3,14.44,0
1578,1579,48,0,1,-12.559,0
1579,1580,48,1,4,12.44,0
1580,1581,48,1,3,3.44,0
1581,1582,48,0,1,-0.5599,0
1582,1583,48,1,4,-1.5599,0
1583,1584,48,1,3,0.44,0
1584,1585,48,1,4,11.44,0
1585,1586,48,1,3,2.44,0
1586,1587,48,0,4,17.44,0
1587,1588,48,0,1,-11.56,0
1588,1589,48,1,2,-4.5599,0
1589,1590,48,1,2,-4.5599,0
1590,1591,48,1,1,-10.559,0
1591,1592,48,1,2,5.44,0
1592,1593,48,1,2,14.44,0
1593,1594,48,0,3,-0.5599,0
1594,1595,48,1,2,-5.5599,0
1595,1596,48,0,1,-4.5599,0
1596,1597,48,0,1,-9.5599,0
1597,1598,48,0,1,-4.5599,0
1598,1599,48,0,2,0.44,0
1599,1600,49,0,1,-12.559,0
1600,1601,49,0,1,-9.5599,0
1601,1602,49,0,1,-10.559,0
1602,1603,49,0,4,2.44,0
1603,1604,50,1,4,4.44,1
1604,1605,50,1,4,7.44,1
1605,1606,50,1,4,9.44,1
1606,1607,50,1,1,-12.559,1
1607,1608,50,1,4,1.44,0
1608,1609,50,0,4,3.44,0
1609,1610,50,0,4,8.44,0
1610,1611,50,0,1,-8.5599,0
1611,1612,50,1,4,6.44,0
1612,1613,50,0,3,0.44,0
1613,1614,50,1,1,-7.5599,0
1614,1615,50,0,1,-6.5599,0
1615,1616,50,0,1,-10.56,0
1616,1617,50,0,1,-8.5599,0
1617,1618,50,0,1,-12.56,0
1618,1619,50,0,3,9.44,0
1619,1620,50,1,4,15.44,0
1620,1621,50,1,4,0.44,0
1621,1622,50,0,1,-9.5599,0
1622,1623,51,0,4,-1.5599,1
1623,1624,51,0,4,6.44,1
1624,1625,51,1,3,-6.5599,1
1625,1626,51,1,4,-3.5599,1
1626,1627,51,0,4,-6.5599,1
1627,1628,51,1,4,1.44,1
1628,1629,51,1,4,1.44,1
1629,1630,51,0,2,-11.559,1
1630,1631,51,1,2,-12.559,1
1631,1632,51,1,1,-10.559,1
1632,1633,51,1,4,-1.5599,1
1633,1634,51,0,4,12.44,1
1634,1635,51,1,2,-7.5599,1
1635,1636,51,0,1,-0.5599,1
1636,1637,51,1,2,-11.559,1
1637,1638,51,1,1,-6.5599,1
1638,1639,51,0,1,-12.559,1
1639,1640,51,0,4,12.44,0
1640,1641,51,0,4,8.44,0
1641,1642,51,0,1,-12.559,0
1642,1643,51,1,2,-7.56,0
1643,1644,51,0,2,-3.5599,0
1644,1645,51,0,1,-11.559,0
1645,1646,51,0,2,-1.56,0
1646,1647,51,0,4,-4.5599,0
1647,1648,51,1,4,12.44,0
1648,1649,51,0,4,10.44,0
1649,1650,51,1,4,4.44,0
1650,1651,51,1,2,-8.5599,0
1651,1652,51,0,3,-7.5599,0
1652,1653,51,1,2,-7.56,0
1653,1654,51,0,4,-1.5599,0
1654,1655,51,1,2,-5.5599,0
1655,1656,51,1,3,-1.56,0
1656,1657,51,0,4,17.44,0
1657,1658,51,0,1,-9.5599,0
1658,1659,51,0,3,-7.5599,0
1659,1660,52,0,2,-9.5599,1
1660,1661,52,0,1,-2.5599,1
1661,1662,52,0,2,-11.559,1
1662,1663,52,0,2,-9.5599,1
1663,1664,52,0,1,-12.559,1
1664,1665,52,1,3,2.44,1
1665,1666,52,0,1,-12.559,1
1666,1667,52,0,4,8.44,1
1667,1668,52,1,2,-3.5599,1
1668,1669,52,0,1,-11.559,1
1669,1670,52,1,4,14.44,1
1670,1671,52,0,2,-6.5599,1
1671,1672,52,0,2,-12.559,1
1672,1673,52,0,1,1.44,1
1673,1674,52,1,2,4.44,1
1674,1675,52,1,1,-12.559,1
1675,1676,52,0,2,-8.5599,1
1676,1677,52,0,4,10.44,1
1677,1678,52,0,1,-10.559,1
1678,1679,52,1,2,-6.5599,0
1679,1680,52,0,2,-5.5599,0
1680,1681,52,1,1,-13.559,0
1681,1682,52,1,2,-9.5599,0
1682,1683,52,0,1,-10.559,0
1683,1684,52,0,4,14.44,0
1684,1685,52,1,4,3.44,0
1685,1686,52,1,1,-13.559,0
1686,1687,52,0,2,-7.5599,0
1687,1688,52,0,4,-3.5599,0
1688,1689,52,0,3,-0.5599,0
1689,1690,52,0,4,-2.5599,0
1690,1691,52,0,4,-3.5599,0
1691,1692,52,0,1,-7.5599,0
1692,1693,52,0,2,-1.5599,0
1693,1694,52,0,4,13.44,0
1694,1695,52,1,2,-6.5599,0
1695,1696,52,1,4,4.44,0
1696,1697,52,1,4,10.44,0
1697,1698,52,0,2,-6.5599,0
1698,1699,52,0,2,-8.5599,0
1699,1700,52,0,1,-11.559,0
1700,1701,52,0,4,6.44,0
1701,1702,52,0,4,19.44,0
1702,1703,52,1,4,6.44,0
1703,1704,52,1,2,-9.5599,0
1704,1705,52,1,4,14.44,0
1705,1706,52,1,4,3.44,0
1706,1707,52,1,1,-9.5599,0
1707,1708,52,1,4,14.44,0
1708,1709,52,1,4,6.44,0
1709,1710,52,0,4,19.44,0
1710,1711,52,0,1,-5.56,0
1711,1712,52,1,4,11.44,0
1712,1713,52,1,4,10.44,0
1713,1714,52,1,4,2.44,0
1714,1715,52,0,4,6.44,0
1715,1716,52,1,1,-7.5599,0
1716,1717,52,1,4,4.44,0
1717,1718,52,0,1,-12.56,0
1718,1719,52,1,4,1.44,0
1719,1720,52,1,2,2.44,0
1720,1721,53,1,4,19.44,1
1721,1722,53,0,1,-9.56,1
1722,1723,53,0,1,10.44,1
1723,1724,53,0,2,-11.559,1
1724,1725,53,0,4,6.44,1
1725,1726,53,1,4,13.44,1
1726,1727,53,1,3,4.44,1
1727,1728,53,1,3,0.44,1
1728,1729,53,0,2,-5.5599,1
1729,1730,53,0,4,0.44,1
1730,1731,53,0,1,17.44,1
1731,1732,53,1,2,-7.5599,1
1732,1733,53,0,1,-0.5599,1
1733,1734,53,0,3,-0.5599,1
1734,1735,53,1,4,0.44,1
1735,1736,53,0,1,-1.56,1
1736,1737,53,1,4,1.44,1
1737,1738,53,0,3,-6.5599,1
1738,1739,53,1,1,-9.56,1
1739,1740,54,0,4,6.44,1
1740,1741,54,1,1,-1.5599,1
1741,1742,54,0,4,4.44,1
1742,1743,54,0,2,2.44,1
1743,1744,54,0,3,13.44,1
1744,1745,54,0,2,6.44,1
1745,1746,55,1,4,13.44,1
1746,1747,55,1,1,-9.5599,1
1747,1748,55,0,1,-9.5599,1
1748,1749,55,0,1,-12.559,1
1749,1750,55,0,2,-10.559,1
1750,1751,55,1,2,6.44,1
1751,1752,55,1,1,-3.5599,1
1752,1753,55,1,3,0.44,1
1753,1754,55,1,1,-7.5599,1
1754,1755,55,0,2,5.44,1
1755,1756,55,1,1,-8.5599,1
1756,1757,55,1,4,9.44,1
1757,1758,55,0,2,-11.559,1
1758,1759,55,0,4,16.44,1
1759,1760,55,0,4,16.44,1
1760,1761,55,0,4,8.44,1
1761,1762,55,1,4,9.44,1
1762,1763,55,1,1,-9.5599,1
1763,1764,55,1,2,-7.5599,1
1764,1765,55,1,4,5.44,1
1765,1766,55,1,2,-7.5599,1
1766,1767,55,1,3,1.44,0
1767,1768,55,1,2,10.44,0
1768,1769,55,0,4,3.44,0
1769,1770,55,0,4,15.44,0
1770,1771,55,0,4,-0.5599,0
1771,1772,55,0,1,-12.559,0
1772,1773,55,1,2,-8.5599,0
1773,1774,55,1,1,-2.5599,0
1774,1775,55,1,2,-1.5599,0
1775,1776,55,0,3,-1.5599,0
1776,1777,55,1,4,17.44,0
1777,1778,55,0,1,-11.559,0
1778,1779,55,1,3,1.44,0
1779,1780,55,1,1,-13.559,0
1780,1781,55,0,4,5.44,0
1781,1782,55,0,1,-11.559,0
1782,1783,55,1,2,-4.5599,0
1783,1784,55,0,1,-8.5599,0
1784,1785,55,1,4,12.44,0
1785,1786,55,1,1,-8.5599,0
1786,1787,55,0,1,-8.5599,0
1787,1788,55,1,4,9.44,0
1788,1789,55,0,1,-10.559,0
1789,1790,55,1,3,-2.5599,0
1790,1791,56,0,2,-0.5599,1
1791,1792,56,1,4,4.44,1
1792,1793,56,0,4,3.44,1
1793,1794,56,0,4,17.44,1
1794,1795,56,1,2,3.44,0
1795,1796,56,0,4,0.44,0
1796,1797,56,0,4,18.44,0
1797,1798,56,0,4,2.44,0
1798,1799,56,1,4,3.44,0
1799,1800,56,0,2,-1.5599,0
1800,1801,56,0,1,-9.5599,0
1801,1802,56,0,4,14.4399,0
1802,1803,56,0,1,-6.5599,0
1803,1804,56,1,4,18.44,0
1804,1805,56,0,4,-1.5599,0
1805,1806,56,0,3,2.44,0
1806,1807,56,0,2,0.44,0
1807,1808,56,0,1,-5.5599,0
1808,1809,56,0,4,10.44,0
1809,1810,56,0,1,-7.5599,0
1810,1811,56,0,4,-1.5599,0
1811,1812,56,0,1,-6.5599,0
1812,1813,56,1,3,5.44,0
1813,1814,56,0,1,-9.5599,0
1814,1815,56,0,1,-9.5599,0
1815,1816,56,0,4,6.44,0
1816,1817,56,0,1,-6.5599,0
1817,1818,57,0,1,4.44,1
1818,1819,57,1,4,16.44,1
1819,1820,57,0,1,-11.559,1
1820,1821,57,0,1,-9.5599,1
1821,1822,57,1,2,0.44,1
1822,1823,57,0,4,19.44,1
1823,1824,57,0,4,19.44,1
1824,1825,57,0,4,0.44,1
1825,1826,57,1,4,3.44,1
1826,1827,57,0,2,3.44,1
1827,1828,57,1,4,14.44,1
1828,1829,57,0,4,17.44,1
1829,1830,57,0,3,-7.5599,1
1830,1831,57,1,1,-8.5599,0
1831,1832,57,0,2,-6.5599,0
1832,1833,57,1,4,18.44,0
1833,1834,57,1,4,15.44,0
1834,1835,57,0,4,15.44,0
1835,1836,57,1,1,-8.5599,0
1836,1837,57,1,1,-9.5599,0
1837,1838,57,1,3,-1.5599,0
1838,1839,57,1,3,1.44,0
1839,1840,57,0,1,-11.559,0
1840,1841,57,0,1,-12.559,0
1841,1842,57,0,1,-7.5599,0
1842,1843,57,0,2,-3.5599,0
1843,1844,57,0,3,-8.5599,0
1844,1845,57,0,1,-0.5599,0
1845,1846,57,0,3,10.44,0
1846,1847,57,1,2,-5.5599,0
1847,1848,57,1,3,-5.5599,0
1848,1849,57,1,1,-2.5599,0
1849,1850,57,1,2,3.44,0
1850,1851,58,0,2,-9.5599,0
1851,1852,58,0,4,2.44,0
1852,1853,58,0,3,-10.559,0
1853,1854,58,0,4,10.44,0
1854,1855,58,0,1,-12.56,0
1855,1856,58,1,3,-8.5599,0
1856,1857,58,0,1,-12.56,0
1857,1858,58,0,2,-8.5599,0
1858,1859,58,0,4,11.44,0
1859,1860,58,0,4,4.44,0
1860,1861,59,0,1,-13.56,1
1861,1862,59,0,4,10.44,1
1862,1863,59,0,1,-7.5599,1
1863,1864,59,0,1,10.44,1
1864,1865,59,1,1,-8.5599,1
1865,1866,59,1,4,6.44,1
1866,1867,59,0,1,-8.5599,1
1867,1868,59,0,2,-8.5599,1
1868,1869,59,1,4,-1.5599,1
1869,1870,59,0,3,-3.5599,1
1870,1871,59,0,4,4.44,0
1871,1872,59,1,2,-7.56,0
1872,1873,59,0,2,17.44,0
1873,1874,59,0,4,2.44,0
1874,1875,59,0,3,0.44,0
1875,1876,59,1,3,-0.5599,0
1876,1877,59,0,4,7.44,0
1877,1878,59,0,1,-3.5599,0
1878,1879,59,1,3,2.44,0
1879,1880,59,0,1,-10.559,0
1880,1881,59,0,1,-13.559,0
1881,1882,59,0,4,0.44,0
1882,1883,59,0,2,-4.5599,0
1883,1884,59,0,1,-11.559,0
1884,1885,59,0,1,-9.5599,0
1885,1886,59,0,1,-11.559,0
1886,1887,59,0,2,-5.5599,0
1887,1888,59,0,3,16.44,0
1888,1889,59,0,1,-12.559,0
1889,1890,59,1,4,7.44,0
1890,1891,59,0,1,-7.5599,0
1891,1892,59,0,4,-0.5599,0
1892,1893,60,1,2,-9.5599,1
1893,1894,60,0,4,10.44,1
1894,1895,60,0,1,-12.56,1
1895,1896,60,0,1,-8.5599,1
1896,1897,60,0,3,8.44,1
1897,1898,60,1,2,-9.5599,1
1898,1899,60,1,4,-3.5599,1
1899,1900,60,0,1,-12.56,1
1900,1901,60,0,4,12.44,1
1901,1902,60,0,3,0.44,1
1902,1903,60,0,1,-9.5599,1
1903,1904,60,0,4,6.44,0
1904,1905,60,1,1,-9.5599,0
1905,1906,60,0,4,5.44,0
1906,1907,60,0,3,11.44,0
1907,1908,60,0,3,-2.5599,0
1908,1909,60,0,2,-7.5599,0
1909,1910,60,0,2,-5.5599,0
1910,1911,60,0,2,-8.5599,0
1911,1912,60,0,4,19.44,0
1912,1913,60,0,4,0.44,0
1913,1914,60,0,3,8.44,0
1914,1915,60,0,2,-7.5599,0
1915,1916,60,1,4,1.44,0
1916,1917,60,0,1,-9.5599,0
1917,1918,60,1,2,-0.5599,0
1918,1919,60,0,2,-9.5599,0
1919,1920,60,1,1,-10.559,0
1920,1921,60,0,4,11.44,0
1921,1922,60,0,4,8.44,0
1922,1923,60,1,1,-11.559,0
1923,1924,60,0,4,1.44,0
1924,1925,60,0,2,-5.56,0
1925,1926,60,0,4,14.44,0
1926,1927,60,0,4,19.44,0
1927,1928,60,1,3,-9.5599,0
1928,1929,60,0,3,-2.5599,0
1929,1930,60,0,4,14.44,0
1930,1931,60,0,3,-4.5599,0
1931,1932,60,0,4,14.44,0
1932,1933,60,0,1,-13.56,0
1933,1934,60,0,4,10.44,0
